{
    "sequential": {
        "mean": 60.9,
        "median": 48.5,
        "stdev": 37.32871995305134,
        "min": 47.0,
        "max": 167.0
    },
    "parallel": {
        "p4_pr1": {
            "mean": 29.3,
            "median": 29.0,
            "stdev": 1.0593499054713802,
            "min": 28.0,
            "max": 31.0
        },
        "p4_pr2": {
            "mean": 10.2,
            "median": 10.0,
            "stdev": 0.7888106377466154,
            "min": 9.0,
            "max": 12.0
        },
        "p6_pr1": {
            "mean": 17.9,
            "median": 18.0,
            "stdev": 0.5676462121975467,
            "min": 17.0,
            "max": 19.0
        },
        "p6_pr2": {
            "mean": 9.7,
            "median": 10.0,
            "stdev": 0.9486832980505138,
            "min": 8.0,
            "max": 11.0
        },
        "p8_pr1": {
            "mean": 13.0,
            "median": 13.0,
            "stdev": 0.6666666666666666,
            "min": 12.0,
            "max": 14.0
        },
        "p8_pr2": {
            "mean": 8.6,
            "median": 9.0,
            "stdev": 0.5163977794943223,
            "min": 8.0,
            "max": 9.0
        },
        "p16_pr1": {
            "mean": 11.6,
            "median": 12.0,
            "stdev": 0.5163977794943223,
            "min": 11.0,
            "max": 12.0
        },
        "p16_pr2": {
            "mean": 10.3,
            "median": 10.0,
            "stdev": 1.1595018087284057,
            "min": 9.0,
            "max": 13.0
        }
    }
}