{
    "sequential": {
        "mean": 67.1,
        "median": 50.0,
        "stdev": 55.86581144930134,
        "min": 45.0,
        "max": 226.0
    },
    "parallel": {
        "p4_pr1": {
            "mean": 29.3,
            "median": 29.0,
            "stdev": 0.48304589153964794,
            "min": 29.0,
            "max": 30.0
        },
        "p4_pr2": {
            "mean": 12.1,
            "median": 10.5,
            "stdev": 3.725288952252936,
            "min": 9.0,
            "max": 21.0
        },
        "p6_pr1": {
            "mean": 18.5,
            "median": 18.0,
            "stdev": 1.4337208778404378,
            "min": 17.0,
            "max": 22.0
        },
        "p6_pr2": {
            "mean": 10.5,
            "median": 9.5,
            "stdev": 2.4608038433722332,
            "min": 9.0,
            "max": 17.0
        },
        "p8_pr1": {
            "mean": 12.5,
            "median": 12.0,
            "stdev": 2.0138409955990952,
            "min": 11.0,
            "max": 18.0
        },
        "p8_pr2": {
            "mean": 10.1,
            "median": 9.5,
            "stdev": 1.449137674618944,
            "min": 9.0,
            "max": 13.0
        },
        "p16_pr1": {
            "mean": 12.6,
            "median": 13.0,
            "stdev": 1.429840705968481,
            "min": 10.0,
            "max": 15.0
        },
        "p16_pr2": {
            "mean": 11.0,
            "median": 10.5,
            "stdev": 3.8005847503304597,
            "min": 7.0,
            "max": 20.0
        }
    }
}